{
   "countries": {
      "country": [
         {
            "name": [
               "default"
            ],
            "value": "*I consent that SAG Deutschland GmbH (Uhlandstraße 12, Darmstadt, 64297, Germany) contacts me via email and phone with information about the products, services and events offered by Software AG. I consent that SAG Deutschland GmbH processes my personal data (email address and phone number) for these purposes. I can withdraw this consent at any time – this can be done by <a href=\"https://www.softwareag.com/corporate/company/resources/subscription/default\" target=\"_blank\">unsubscribing here</a>. Further information about how SAG Deutschland GmbH uses personal data can be found in the <a href=\"https://www.softwareag.com/corporate/privacy.html\" target=\"_blank\">Privacy Statement</a>. If you are currently subscribed, you do not need to check the check-box to maintain your subscription status."
         },
         {
            "name": [
               "Anguilla",
               "Argentina",
               "Barbados",
               "Bermuda",
               "Chile",
               "Paraguay",
               "Uruguay",
               "Falkland Islands",
               "Brazil",
               "Antigua and Barbuda",
               "Bahamas",
               "Belize",
               "Bolivia",
               "Cayman Islands",
               "Colombia",
               "Costa Rica",
               "Cuba",
               "Dominica",
               "Dominican Republic",
               "Ecuador",
               "El Salvador",
               "Grenada",
               "Guatemala",
               "Guyana",
               "Haiti",
               "Honduras",
               "Jamaica",
               "Mexico",
               "Nicaragua",
               "Panama",
               "Peru",
               "Puerto Rico",
               "Saint Barthelemy",
               "Trinidad and Tobago",
               "Venezuela",
               "Grenada",
               "Montserrat",
               "Saint Kitts",
               "Saint Lucia",
               "Saint Vincent and the Grenadines",
               "Suriname"
            ],
            "value": "*I consent that Software AG Brasil Ltda (Av. das Naзхes Unidas 12.901, 33° andar, Torre Norte, Sгo Paulo/SP, CEP 04578-000, Brazil) contacts me via email and phone with information about the products, services and events offered by Software AG. I consent that Software AG Brasil Ltda processes my personal data (email address and phone number) for these purposes. I can withdraw this consent at any time – this can be done by <a href=\"https://www.softwareag.com/corporate/company/resources/subscription/default\" target=\"_blank\">unsubscribing here</a>. Further information about how Software AG Brasil Ltda uses personal data can be found in the <a href=\"https://www.softwareag.com/corporate/privacy.html\" target=\"_blank\">Privacy Statement</a>. If you are currently subscribed, you do not need to check the check-box to maintain your subscription status."
         },
         {
            "name": [
               "Bangladesh",
               "Bhutan",
               "Brunei Darussalam",
               "Cambodia",
               "China",
               "China (Hong Kong)",
               "Guam",
               "Hong Kong",
               "India",
               "Indonesia",
               "Macao",
               "Macao S.A.R.",
               "Malaysia",
               "Maldives",
               "Myanmar",
               "Nepal",
               "North Korea",
               "Pakistan",
               "Philippines",
               "Singapore",
               "South Korea",
               "Sri Lanka",
               "Taiwan",
               "Thailand",
               "Timor-Leste",
               "Vietnam",
               "Brunei",
               "Laos",
               "Northern Mariana Islands",
               "Palau",
               "Japan"
            ],
            "value": "*I consent that Software AG (Singapore) Pte LTD (12 Marina Boulevard #17-04, Marina Bay Financial Centre Tower 3, Singapore, 018982, Singapore) contacts me via email and phone with information about the products, services and events offered by Software AG. I consent that Software AG (Singapore) Pte LTD processes my personal data (email address and phone number) for these purposes. I can withdraw this consent at any time – this can be done by <a href=\"https://www.softwareag.com/corporate/company/resources/subscription/default\" target=\"_blank\">unsubscribing here</a>. Further information about how Software AG (Singapore) Pte LTD uses personal data can be found in the <a href=\"https://www.softwareag.com/corporate/privacy.html\" target=\"_blank\">Privacy Statement</a>. If you are currently subscribed, you do not need to check the check-box to maintain your subscription status."
         },
         {
            "name": [
               "Australia",
               "New Zealand",
               "Christmas Island",
               "Cocos (Keeling) Islands",
               "Cook Islands",
               "Fiji Islands",
               "Heard Island and McDonald Islands",
               "Kiribati",
               "Marshall Islands",
               "Micronesia",
               "Nauru",
               "Niue",
               "Norfolk Island",
               "Papua New Guinea",
               "Pitcairn",
               "Samoa",
               "Solomon Islands",
               "Tokelau",
               "Tonga",
               "Turks and Caicos Islands",
               "Tuvalu",
               "Vanuatu"
            ],
            "value": "*I consent that Software AG Australia Pty Ltd. (Level 16, 201 Miller Street, North Sydney NSW 2060, Australia) contacts me via email and phone with information about the products, services and events offered by Software AG. I consent that Software AG Australia Pty Ltd. processes my personal data (email address and phone number) for these purposes. I can withdraw this consent at any time – this can be done by <a href=\"https://www.softwareag.com/corporate/company/resources/subscription/default\" target=\"_blank\">unsubscribing here</a>. Further information about how Software AG Australia Pty Ltd. uses personal data can be found in the <a href=\"https://www.softwareag.com/corporate/privacy.html\" target=\"_blank\">Privacy Statement</a>. If you are currently subscribed, you do not need to check the check-box to maintain your subscription status."
         },
         {
            "name": [
               "Austria"
            ],
            "value": "*I consent that Software GmbH Österreich (Tech Gate Vienna | Donau-City-Straße 1, 1220 Wien, Österreich) contacts me via email and phone with information about the products, services and events offered by Software AG. I consent that Software GmbH Österreich processes my personal data (email address and phone number) for these purposes. I can withdraw this consent at any time – this can be done by <a href=\"https://www.softwareag.com/corporate/company/resources/subscription/default\" target=\"_blank\">unsubscribing here</a>. Further information about how Software GmbH Österreich  uses personal data can be found in the <a href=\"https://www.softwareag.com/corporate/privacy.html\" target=\"_blank\">Privacy Statement</a>. If you are currently subscribed, you do not need to check the check-box to maintain your subscription status."
         },
         {
            "name": [
               "Switzerland"
            ],
            "value": "*I consent that SAG Software Systems AG (Thurgauerstrasse 40, 8050 Zürich, Schweiz) contacts me via email and phone with information about the products, services and events offered by Software AG. I consent that SAG Software Systems AG processes my personal data (email address and phone number) for these purposes. I can withdraw this consent at any time – this can be done by <a href=\"https://www.softwareag.com/corporate/company/resources/subscription/default\" target=\"_blank\">unsubscribing here</a>. Further information about how SAG Software Systems AG uses personal data can be found in the <a href=\"https://www.softwareag.com/corporate/privacy.html\" target=\"_blank\">Privacy Statement</a>. If you are currently subscribed, you do not need to check the check-box to maintain your subscription status."
         },
         {
            "name": [
               "Germany",
               "Liechtenstein"
            ],
            "value": "*I consent that SAG Deutschland GmbH (Uhlandstraße 12, Darmstadt, 64297, Germany) contacts me via email and phone with information about the products, services and events offered by Software AG. I consent that SAG Deutschland GmbH processes my personal data (email address and phone number) for these purposes. I can withdraw this consent at any time – this can be done by <a href=\"https://www.softwareag.com/corporate/company/resources/subscription/default\" target=\"_blank\">unsubscribing here</a>. Further information about how SAG Deutschland GmbH uses personal data can be found in the <a href=\"https://www.softwareag.com/corporate/privacy.html\" target=\"_blank\">Privacy Statement</a>. If you are currently subscribed, you do not need to check the check-box to maintain your subscription status."
         },
         {
            "name": [
               "Belgium",
               "Luxembourg"
            ],
            "value": "*I consent that Software AG Nederland BV (Loire 162, Den Haag, 2491 IL, Netherlands) contacts me via email and phone with information about the products, services and events offered by Software AG. I consent that Software AG Nederland BV processes my personal data (email address and phone number) for these purposes. I can withdraw this consent at any time – this can be done by <a href=\"https://www.softwareag.com/corporate/company/resources/subscription/default\" target=\"_blank\">unsubscribing here</a>. Further information about how Software AG Nederland BV uses personal data can be found in the <a href=\"https://www.softwareag.com/corporate/privacy.html\" target=\"_blank\">Privacy Statement</a>. If you are currently subscribed, you do not need to check the check-box to maintain your subscription status."
         },
         {
            "name": [
               "Canada",
               "USA",
               "American Samoa",
               "United States",
               "USA",
               "Virgin Islands (U.S.)",
               "U.S. Virgin Islands",
               "United States Minor Outlying Islands"
            ],
            "value": "*I consent that Software AG USA, Inc.(11700 Plaza America Drive, Suite 700, Reston, VA 20190, United States) contacts me via email and phone with information about the products, services and events offered by Software AG. I consent that Software AG USA, Inc. processes my personal data (email address and phone number) for these purposes. I can withdraw this consent at any time – this can be done by <a href=\"https://www.softwareag.com/corporate/company/resources/subscription/default\" target=\"_blank\">unsubscribing here</a>. Further information about how Software AG USA, Inc. uses personal data can be found in the <a href=\"https://www.softwareag.com/corporate/privacy.html\" target=\"_blank\">Privacy Statement</a>. If you are currently subscribed, you do not need to check the check-box to maintain your subscription status."
         },
         {
            "name": [
               "Algeria",
               "Cameroon",
               "Cote d'Ivoire",
               "Cфte d'Ivoire",
               "France",
               "French Guiana",
               "French Southern Territories",
               "Ivory Coast",
               "Morocco",
               "New Caledonia",
               "Saint Pierre and Miquelon",
               "Senegal",
               "Tunisia",
               "French Polynesia",
               "Guadeloupe",
               "Martinique",
               "Mayotte",
               "Monaco",
               "Reunion",
               "Wallis and Futuna",
               "Western Sahara"
            ],
            "value": "*I consent that Software AG France SAS (20, Avenue André Prothin, Tour Europlaza La Défense 4, Paris La Défense Cedex, 92927, France) contacts me via email and phone with information about the products, services and events offered by Software AG. I consent that Software AG France SAS processes my personal data (email address and phone number) for these purposes. I can withdraw this consent at any time – this can be done by <a href=\"https://www.softwareag.com/corporate/company/resources/subscription/default\" target=\"_blank\">unsubscribing here</a>. Further information about how Software AG France SAS uses personal data can be found in the <a href=\"https://www.softwareag.com/corporate/privacy.html\" target=\"_blank\">Privacy Statement</a>. If you are currently subscribed, you do not need to check the check-box to maintain your subscription status."
         },
         {
            "name": [
               "Andorra",
               "Angola",
               "Cape Verde",
               "Espaсa",
               "Mozambique",
               "Portugal",
               "Sao Tome and Principe",
               "Spain",
               "Madagascar"
            ],
            "value": "*I consent that Software AG Espana SA (Ronda de la Luna, 22, Tres Cantos, Madrid, E-28760, Spain) contacts me via email and phone with information about the products, services and events offered by Software AG. I consent that Software AG Espana SA processes my personal data (email address and phone number) for these purposes. I can withdraw this consent at any time – this can be done by <a href=\"https://www.softwareag.com/corporate/company/resources/subscription/default\" target=\"_blank\">unsubscribing here</a>. Further information about how Software AG Espana SA uses personal data can be found in the <a href=\"https://www.softwareag.com/corporate/privacy.html\" target=\"_blank\">Privacy Statement</a>. If you are currently subscribed, you do not need to check the check-box to maintain your subscription status."
         },
         {
            "name": [
               "Israel",
               "Palestinian Territory"
            ],
            "value": "*I consent that S.P.L. Software Ltd. (3B Yoni Netanyahu Street, OR-Yehuda, 6037602, Israel) contacts me via email and phone with information about the products, services and events offered by Software AG. I consent that S.P.L. Software Ltd. processes my personal data (email address and phone number) for these purposes. I can withdraw this consent at any time – this can be done by <a href=\"https://www.softwareag.com/corporate/company/resources/subscription/default\" target=\"_blank\">unsubscribing here</a>. Further information about how S.P.L. Software Ltd. uses personal data can be found in the <a href=\"https://www.softwareag.com/corporate/privacy.html\" target=\"_blank\">Privacy Statement</a>. If you are currently subscribed, you do not need to check the check-box to maintain your subscription status."
         },
         {
            "name": [
               "Genoa",
               "Italy",
               "Malta",
               "Milano",
               "San Marino",
               "Vatican City",
               "Vatican"
            ],
            "value": "*I consent that Software AG Italia SpA (Via Battistotti Sassi 11, Milan, 20133, Italy) contacts me via email and phone with information about the products, services and events offered by Software AG. I consent that Software AG Italia SpA processes my personal data (email address and phone number) for these purposes. I can withdraw this consent at any time – this can be done by <a href=\"https://www.softwareag.com/corporate/company/resources/subscription/default\" target=\"_blank\">unsubscribing here</a>. Further information about how Software AG Italia SpA uses personal data can be found in the <a href=\"https://www.softwareag.com/corporate/privacy.html\" target=\"_blank\">Privacy Statement</a>. If you are currently subscribed, you do not need to check the check-box to maintain your subscription status."
         },
         {
            "name": [
               "Afghanistan",
               "Bahrain",
               "Benin",
               "Burkina Faso",
               "Chad",
               "Dubai",
               "Egypt",
               "Egypt outside Cairo",
               "Ethiopia",
               "Gambia",
               "Ghana",
               "Guinea-Bissau",
               "Iran",
               "Iraq",
               "Jordan",
               "Kuwait",
               "Lebanon",
               "Liberia",
               "Libya",
               "Oman",
               "Qatar",
               "Saudi Arabia",
               "Sudan",
               "Syria",
               "United Arab Em.",
               "United Arab Emirates",
               "Somalia",
               "Yemen"
            ],
            "value": "*I consent that Software AG Bilgi Sis. AS (Degirmen Yolu Sok. No: 4, Sasmaz Plaza Kat: 9, Istanbul, TR-34742, Turkey) contacts me via email and phone with information about the products, services and events offered by Software AG. I consent that Software AG Italia SpA processes my personal data (email address and phone number) for these purposes. I can withdraw this consent at any time – this can be done by <a href=\"https://www.softwareag.com/corporate/company/resources/subscription/default\" target=\"_blank\">unsubscribing here</a>. Further information about how Software AG Italia SpA uses personal data can be found in the <a href=\"https://www.softwareag.com/corporate/privacy.html\" target=\"_blank\">Privacy Statement</a>. If you are currently subscribed, you do not need to check the check-box to maintain your subscription status."
         },
         {
            "name": [
               "Aruba",
               "Iceland",
               "Netherlands",
               "Netherlands Antilles",
               "Netherlands, the",
               "Netherlands",
               "Netherlands"
            ],
            "value": "*I consent that Software AG Nederland BV (Loire 162, Den Haag, 2491 IL, Netherlands) contacts me via email and phone with information about the products, services and events offered by Software AG. I consent that Software AG Nederland BV processes my personal data (email address and phone number) for these purposes. I can withdraw this consent at any time – this can be done by <a href=\"https://www.softwareag.com/corporate/company/resources/subscription/default\" target=\"_blank\">unsubscribing here</a>. Further information about how Software AG Nederland BV uses personal data can be found in the <a href=\"https://www.softwareag.com/corporate/privacy.html\" target=\"_blank\">Privacy Statement</a>. If you are currently subscribed, you do not need to check the check-box to maintain your subscription status."
         },
         {
            "name": [
               "Aland Islands",
               "Denmark",
               "Finland",
               "Greenland",
               "Ireland",
               "Norway",
               "Sweden",
               "Bouvet Island",
               "Faroe Islands",
               "Svalbard and Jan Mayen"
            ],
            "value": "*I consent that Software AG Sweden AB (Kista Science Tower, Kista, 16451, Sweden) contacts me via email and phone with information about the products, services and events offered by Software AG. I consent that Software AG Sweden AB processes my personal data (email address and phone number) for these purposes. I can withdraw this consent at any time – this can be done by <a href=\"https://www.softwareag.com/corporate/company/resources/subscription/default\" target=\"_blank\">unsubscribing here</a>. Further information about how Software AG Sweden AB uses personal data can be found in the <a href=\"https://www.softwareag.com/corporate/privacy.html\" target=\"_blank\">Privacy Statement</a>. If you are currently subscribed, you do not need to check the check-box to maintain your subscription status."
         },
         {
            "name": [
               "Albania",
               "Bosnia and Herzegovina",
               "Bulgaria",
               "Croatia",
               "Cyprus",
               "Czech Republic",
               "Estonia",
               "Greece",
               "Hungary",
               "Latvia",
               "Lithuania",
               "Macedonia",
               "Montenegro",
               "Poland",
               "Polska",
               "Romania",
               "Serbia",
               "Slovakia",
               "Slovenia"
            ],
            "value": "*I consent that Software AG Polska Sp zoo (ul. Piкkna 18, Warszawa, 00-549, Poland) contacts me via email and phone with information about the products, services and events offered by Software AG. I consent that Software AG Polska Sp zoo processes my personal data (email address and phone number) for these purposes. I can withdraw this consent at any time – this can be done by <a href=\"https://www.softwareag.com/corporate/company/resources/subscription/default\" target=\"_blank\">unsubscribing here</a>. Further information about how Software AG Polska Sp zoo uses personal data can be found in the <a href=\"https://www.softwareag.com/corporate/privacy.html\" target=\"_blank\">Privacy Statement</a>. If you are currently subscribed, you do not need to check the check-box to maintain your subscription status."
         },
         {
            "name": [
               "Armenia",
               "Azerbaidjan",
               "Azerbaijan",
               "Belarus",
               "Georgia",
               "Kasachstan",
               "Kazakhstan",
               "Kyrgyzstan",
               "Moldova",
               "Mongolia",
               "Russian Federation",
               "Tajikistan",
               "Turkmenistan",
               "Ukraine",
               "Uzbekistan",
               "Russia"
            ],
            "value": "*I consent that Software AG Russia (Kosmodamianskaya Naberezhnaya, 52, building 4, 3rd floor, Moscow, 115054, Russia) contacts me via email and phone with information about the products, services and events offered by Software AG. I consent that Software AG Russia processes my personal data (email address and phone number) for these purposes. I can withdraw this consent at any time – this can be done by <a href=\"https://www.softwareag.com/corporate/company/resources/subscription/default\" target=\"_blank\">unsubscribing here</a>. Further information about how Software AG Russia uses personal data can be found in the <a href=\"https://www.softwareag.com/corporate/privacy.html\" target=\"_blank\">Privacy Statement</a>. If you are currently subscribed, you do not need to check the check-box to maintain your subscription status."
         },
         {
            "name": [
               "Botswana",
               "Congo",
               "Congo, Democratic Republic of",
               "Congo, The Democratic Republic of the",
               "Gabon",
               "Kenya",
               "Lesotho",
               "Malawi",
               "Mauritius",
               "Namibia",
               "Nigeria",
               "South Africa",
               "Tanzania",
               "Togo",
               "Uganda",
               "Zambia",
               "Zimbabwe",
               "Burundi",
               "Central African Republic",
               "Comoros",
               "Democratic Republic of the Congo",
               "Djibouti",
               "Equatorial Guinea",
               "Eritrea",
               "Guinea",
               "Mali",
               "Mauritania",
               "Niger",
               "Rwanda",
               "Seychelles",
               "Sierra Leone",
               "Swaziland"
            ],
            "value": "*I consent that Software AG South Africa (Culross on Main Office Park, 34 Culross Road, Building 3, Bryanston, 2021, South Africa) contacts me via email and phone with information about the products, services and events offered by Software AG. I consent that Software AG South Africa processes my personal data (email address and phone number) for these purposes. I can withdraw this consent at any time – this can be done by <a href=\"https://www.softwareag.com/corporate/company/resources/subscription/default\" target=\"_blank\">unsubscribing here</a>. Further information about how Software AG South Africa uses personal data can be found in the <a href=\"https://www.softwareag.com/corporate/privacy.html\" target=\"_blank\">Privacy Statement</a>. If you are currently subscribed, you do not need to check the check-box to maintain your subscription status."
         },
         {
            "name": [
               "Turkey"
            ],
            "value": "*I consent that Software AG Bilgi Sis. AS (Degirmen Yolu Sok. No: 4, Sasmaz Plaza Kat: 9, Istanbul, TR-34742, Turkey) contacts me via email and phone with information about the products, services and events offered by Software AG. I consent that Software AG Bilgi Sis. AS processes my personal data (email address and phone number) for these purposes. I can withdraw this consent at any time – this can be done by <a href=\"https://www.softwareag.com/corporate/company/resources/subscription/default\" target=\"_blank\">unsubscribing here</a>. Further information about how Software AG Bilgi Sis. AS uses personal data can be found in the <a href=\"https://www.softwareag.com/corporate/privacy.html\" target=\"_blank\">Privacy Statement</a>. If you are currently subscribed, you do not need to check the check-box to maintain your subscription status."
         },
         {
            "name": [
               "British Indian Ocean Territory",
               "Gibraltar",
               "Guernsey",
               "Isle of Man",
               "United Kingdom",
               "British Virgin Islands",
               "Saint Helena"
            ],
            "value": "*I consent that Software AG UK Ltd (Locomotive Way, Derby, GB - DE24 8PU, United Kingdom) contacts me via email and phone with information about the products, services and events offered by Software AG. I consent that Software AG UK Ltd processes my personal data (email address and phone number) for these purposes. I can withdraw this consent at any time – this can be done by <a href=\"https://www.softwareag.com/corporate/company/resources/subscription/default\" target=\"_blank\">unsubscribing here</a>. Further information about how Software AG UK Ltd uses personal data can be found in the <a href=\"https://www.softwareag.com/corporate/privacy.html\" target=\"_blank\">Privacy Statement</a>. If you are currently subscribed, you do not need to check the check-box to maintain your subscription status."
         }
      ]
   }
}